Product1,Product2,Product3,Product4,Product5,Product6,Product7,Product8,Product9,Product10
64ef4f62f641907d341019401b69f5d3,e73f1033d3999a9116ac58ec4ecce561,c2a9da908d83d2a88864ea732397f8f4,63d6a6ef3c05c2f7c7a9483a5684f365,,,,,,
6b33568f3adc6b8e5e918ef77277d728,d6ab7f9935f62f1730e602f24c1ce5ba,,,,,,,,
04a380b93bd0d6ec48e4e985a4b24278,dc907d4edd9d016880e11f9589308562,0a43990343c84914217daa3eccf18d1b,5f6880d2f55c4b45e12a3253f1c9beb6,b3544c2aad4004eb1f35cc49aa90c464,,,,,
b1a6859f3f2fcc6d072fc58f46966ec5,bb0454f058f895c20835861a050720fa,046ccbc420c8feee2f7083b3d28da374,ef67e332e0e8aee50104c88515523c7d,9d118e864c58016bf1e35df98a3d973b,55a90a2e9d0125b72b58282eaa33e902,a5ec14b4769484d0c419a8ba5d2558fd,a00c5bb57a8ed56730109683ba66d761,7d5a7d0b96d183811e91ebb7b7024726,13f8d157850356e609487c512112c0fd
76dbd10358a5506574605738b599d2a0,c71e501ae9fcbb447b20f10103e654ad,6c04019836d4a42f8568560350523b30,d55e17533e2d127c05fd711d7ae057d4,,,,,,
4cb8653b0dbd37e487a5d566898575eb,f0254606cb06d4ef8f7e0d8a132a67a8,0ed42f8f5c3204471865251777bc258c,8852e6b7890a8d85296f457856a589a0,2c740b5a36015391d6357d623a7da5fa,29112ecf69d7749bb78354781a5541cb,1302c19fb46f5dd433c1ebbcfcf0778c,7cde0f0098b6b970225e70f726cdd93f,85c51b91e1039b503169ca2e2bba588f,3b62948567e828813f296af0d46847b9
b2c854f53961a9269a2e8ec29a3e50ea,44c9fbe8e3acc3aa5e89c5dae390c8f3,6808ca7c3d1245ef25beefa89542a2b5,befaea9b800c96fcd783b7915c98acb2,9f54ba133a8b7fa6adad6735750f4b26,284f21e3b91c5a357b6cebe3fabd3e01,980520d037eba75e6d0867c84dbb79c2,7e3111727cda67cbe3ba65eb3752209a,d4e3e618ba62efb2a52f279e1d060911,7e8e98af56c107d0d0f651761cc91ac3
36409f24c68b7f958dfe72070cc38fde,0bc470d1bddba5c5dd385d26cff00f08,0829757c32e29171cc06b01a5f610bf9,7b970bd28ed1df2ea3dba4cf105a3498,31a7e3292faf1066c369ad43a6611a6b,,,,,
5945ea1565783de81be9860800e77379,76c3b1403cd69389c89e0c03358dd072,c3d85cb7a225b10fb931226da14eb95b,ee8a1e803b7cd713ea0a7d446b669ac7,4b4013a2b846477b2118a3812a458917,feeeb0b960d6d6bd8dbec92b7897c0d2,f0780c5b4dd240d974573e03e14ed698,e50969b6e432cc089a41b12a3681796c,,
ea84c12df8b3b8f1d6c93183a4621d6b,7ec4a13d47ca6c15658e00ad7fd35b53,b1b42d1eee5a4ebef195c2cd46726ada,090eb6e0ec29d48db36e25bd835f5cda,3c53438cd139d878d66c71a1cc83562d,bd6deb249ad12ae18214b16035390bf9,515dd9063b629c70198b317e3c98e75e,3f297acfc2296c529f2ed0a452d63477,d9d314a768f53c59107d7f69b0e42d54,747add4b89073b0cadfd3ff9b85c85e3
f1d93ea6b0a66ee2df31ad4ba75c8eb3,d66c37cf75e40b2d9fd3076a97327457,2951a02e03f166b1184764c74cf83045,5b3202ac4189935d4ff07b757b097e1a,d90e25a2258ec52650d8fce28d2c5908,68fde4777fc870a73f074dbc5b780cde,620d2afc8d56fd56152bc2e4b09ae272,eccbed4a4a0c32b9b1a523a4c9e8044f,ccbbcec7d5377acdd3275c1f0a8d0b20,de7e4d59473155d7aee23a2aaea784f0
709867d11a645f949e154948bb40372b,87779f4e90c154700b86fe48b4909d0e,48044b7b32cab57f5532e4c63e6328cb,8bc00e5d42b20e76aff35a4005494e1a,2f40f956b2fa74b32099a2f7825fd622,b39f4530f2901fb2ac10cd8505c4f987,7c890184539570235e55d0d72880c7bb,4ab33009f7c2181149f9f947fb5d90ff,d953d193bebf364e1030baa0ddc4c377,407de122f8b3535b7f5536fe82ead8c9
f2e1862d314a79b0de166e07ffb0243e,358d1a635fa5726a45627a4505888ef5,d87cdf3c39b10b1b49968e357154c26e,09dfa51e582fe53cc4fcdf0a365335d1,716b9876a50553393e8758dd21c0aaa5,e52938ec0179ec36b0a8dbe2d77f1bb0,6b61b718cd9e88651491a4767671e7d6,4519098eb199aeea1d4df93222ed1d74,32a0de99cf3de8b15f0866760e2beefa,e90f1fe054b6be7bfd2f11de837aeed0
1072742599540c71197ac36f2b52dfcc,f4449190eb9e1a6b4dbb438a3e17766b,aa490eb4b1be8d7c301923e838b182d7,d4bb6a80c4cff715ddc3c7854aaa196c,33e26420dcbe0c6ab869b5cf7ca83c4e,ab0dc3a64ff80366962f55bf8ffbaf52,19ab107cd58cfefae5727d1d1360ebe0,c1cfdc2948da78be84dc13f662f2a587,c6bc67a333880434c230bcf656c54740,c21b9398b4326be114e38f8a5d952ec4
a1311f9a03fbe7a1beadf0a6c2e851d0,206e9bf9e80a4f5c5787c1ce3f209d4f,11187e256356cf8c68bb6e96e57fad0a,,,,,,,
05dfe6f1b076f6e6a0465b2759e95b70,4827ac64c1bf56cc149d3469d4773f1e,464481d3c869184a5c37b5b5173f1543,c345fc408919c2e42802c013e5d109d2,a096fdedfdecfe6d98b79aaedbc29314,435481558cbd70e8cb46a54bd0d6523a,,,,
c45b25ef8a4b4177922d4420ccd181d8,079a4a0848c85fe6a0cfab40c200c6e4,3d0d047df1d1b7ed2d0b1201b2ceb701,d38b5cb67e3654556fefbf01bc9cc3b8,4c6561f6980cccf1f88bb0996f5a4e29,c0c91a6a4dca17332720064a9387c309,4a16bfedbb25b05d7d5d2ea3c027e56a,311fefeed4428b2293df8d0da2bb3cbe,030517767c3d04c0232ae723cec5f0b5,2547db7bb96e737a95a3acffa360b07c
53ad751d149907d68bf4d4a0b1b1cad0,0eb69c9b338247327a6510a954456084,7814901ffb75a0d35f4d4db7f48a0e0d,9f85f9ac152cd5befa5bd253271c2b59,7bb6d8ee8d5458950b7c0803ea2c6804,0880d9edfd976a9e710769a7f5d760a3,39d1ee5424cd7eb4cdeeecd7aa249bb6,8206cc31bd1d3c3f348a4b3f9ab51822,beada6a0ca2a5cd50dd1d15a48e65a11,3f558055f117e5b0aea9270bb52d60ef
271e7e12acbfb1cc2258414b955da94e,0441954750c82080bf0dc39ce3008118,a6094ad1d4b2f60c5fb269bafe91de7c,62a471177a687946544e0dd334f859fd,60475c9d69561faaa444928b345931b1,,,,,
9bfa65d0413b4e0e7bbb352a3a989244,,,,,,,,,
dbab0d1956d386c8c90930c811d256b3,f84774a18fd9fc8d4c30600d31de8054,12df207cbccc62280705ed76c5bfea9a,a6e311ae8ba9391e48b8f89c412d40fd,48d4524899ee5f7a61e805288bf5ac70,dc255d3f8248fabce004e569c818ef12,af1f5fab8ef4ade29cc3e3dc49ceef2a,7f5780273d192e2d23f2cfce2c09501c,38b0583b42f60706b411c2f5681a3196,2a87d68749a1cc88448ba00c7e5da46e
b060bef66a4caca3be89341fc99921e6,d4c89c079a186634dc8a4bba08096aa0,6ab8645a6c2b7af94abf6d4c96efd7b5,7077aefb68b97acccd821113edc9bf2d,0fbd5e87c6a6665feefcb89d0da8a33e,dfb666d254c0a1cd8aaf9d990d40d545,b47cb8a188befdf90399d4232926201c,77f3e93b54d96ceefbcabcd84880de3f,1d84cc58dc30d5a59fbe83bfe8d20fb9,
2db97c93d363fa3c93bef3ef7753530b,b575c15e83f493f9b1bba77b51222a13,7967fa88c57aa61a4aba4bdb3d6678e4,,,,,,,
9fbb2370833b788107bb5d225f9af23d,673d6d38961346a809097f40b7f270f3,302720365cd8a4549957ef68fc138012,3a4ecd17d92a0a009a12a6775b159c85,64a9d99b63af706c562a83926cd342bd,45e4cc5e461332d16df04d0cca3a1fd2,,,,
f2b13534551658f2277eeff121fb1842,a8ec4f42a75fcc9ae2c24b26ccecd128,ff6052aee8046c67e09a98b40a21b7ab,6d12c476dc5b6efe7d98b0f8af53575c,036efe6b2383fbf852fb20c254f0a3ee,316aa660b795f42c9e12f5ee9168a80b,47365b6d5b5a20b8d2f422f194b7a791,141eaef68cd0d25c0a34bca4761d6f0b,c78a1e8eb37e79dba3f8917a28137618,c06043a2824ec48efa9536985bcc533e
7c408ef8e77e8b0ddb62473ba66b2ea0,e055a8bf8f2b748decb27cc2e6c49d68,bf8bf62cab1ddf5087c170b1714e9594,,,,,,,
db19d0182872e988349b1571e2bac2ff,86a8e545273b03378b030093d406ccd8,30e48f7416770415082829cb832ca868,d695fed58de914d23ff0827290c01b13,bd862ac3ab8a58bd74870e0b0c9b48c3,45c4ef6c0372f6f5634e5c65cb53c33e,dd5a2ca233b478790cfa52a50693609a,3ea7f17997f59c9ce0ee726708f3c878,6a3cad2dab1bbe086e9505c0603df6f3,5c83630baa2ca2aaa71abbfcf89fdaad
fbcd4adec837f9b94371cb5c422cc42b,f0254606cb06d4ef8f7e0d8a132a67a8,0bc470d1bddba5c5dd385d26cff00f08,c0f0d01338be7c7bb1ea11898cd87b53,c981a819798a35d7eea58abdb0430dd4,f04295c1ab1f6eedb0a989e9d416c0f2,80cbc50dec6705bd02b9ece0c81a6f03,e63be3c4c9316a4f14d05440cb58913b,67958864ca0fa84cfa29ecb9d634d182,
54d78bede5675a309d8d980962e9af94,48288c3a631f93092632fa89e4390665,3c2762471d49160fa68730e4163b8dda,031647a3461367a00cb98f31d0407fa2,7d934eaecec41bfe26aff6ba057f1f71,a73886cbc5985cf4ac7b3ff9f7de9919,4c1ecbee417c4e8ac6d720853ccf602e,,,
c45cefe35f50347510da16dc8d2c19b6,5ff3db5c3094a68aa4de07d27a5a4ecf,4b255f5f7fea414043f8877d3771f540,583bbf0409ba13704c2687dcf214f6e7,95e7c48beb44a3c2b49b2fe771a8b974,66363724b4f8ada32cf037288a337166,2a01343d6a22529eec93d0f2f6fa8d53,ef888f1398b926e707c148ca814a1ff3,81ad98ae7183cf7013c3d8b7b83e3dd8,1f5c70d86e777bbf8abddb19f8f2d044
99e8f460981319201c82278d0cb8b35b,72d1d6ca36947ae8d621ca44458fb724,cd80ebd9cbf148d8344de6428b05b460,86016525134f4f87bdc8fc55fae36708,c9699e56e93f75883018697875b05826,3290c5ff82c4bcc93a39ee087018e246,560a484d525dff1b851f55a392e67249,e164931bc55a6323426744116eeaebb7,0c6d3597b6f6ec65c8be7c588b18bede,
c6c21883d1fcc3d4ff7282791d9a4bc3,334cb31a8d87225614ee45e9600c7d08,d28e8684db2391e8a2b52a0450817da3,eaa81685aa6e4e9a0e10833d30bf314d,e3d597346aaa5cf7a7fffe62a7ee1e95,5be4138b42f64795e3b54310a17cfe90,d018ce9a791a5dd495e13eaa71033d5c,ad3ff2b1ce09a31b44c4f5f760aa8ed6,0a14e7bdc49654600371bad4d2b15e83,3875c7dd61d0abf02140436c97a49e91
72d1d6ca36947ae8d621ca44458fb724,b0a35e6b6757ae67a086ed5b8d01fef2,f054064056125ff347ed58a842a15b1d,ff6e78ebef7614d5b61646550b7b5ece,31c2c93fabffb2c162526e6898accb85,0c6d3597b6f6ec65c8be7c588b18bede,,,,
f0f01afc798cc720ea2c63b75ea0fbd5,3f6c100e8ba89e2755dd1530141fedf4,8bd1fb4a7f370433ba7604819b642e56,4e99ed5ce222c5e643e8ce14d1299063,0cf46731e3d2af8fee1c6ec7372f9aaf,22c9933f29fa2a7b47fcb191b45f0297,3a770e765978524bb691aaed462237cc,af7f6d98e9bfe265929a0941132f2015,3b62948567e828813f296af0d46847b9,7e649c9a49b29ffe7de53250d1216ed1
09009345981f1e448e98c794db3cd60c,9e8007237efd5c317ec8616343a536a9,5da3333cb5c1148838df9c0540274da7,b53dab1c45c22d17d3f36e505897e5e0,,,,,,
4bc0c255a55dcde93ab71b378b8c4737,b4093009783d7129c21c4393adf3adfb,9f63019fcaf9d04a6378e4a37acd5d8f,8b1f6a80c3b938bfa37d18b2443fb1dc,29f51f9f9d5ad93f405f947cca63bef8,7e066247c20447ca83dff373b4304a9a,c345fc408919c2e42802c013e5d109d2,f199f602b7e977c12288e1cd809728c7,9790c460dec71f866cf33b7e8500d766,5e44fe78e1ef617c563d29aab6904684
1c08eb04323069190cf49ca607bc87aa,67cb19b9b588e4fad41de57126ecc685,2951a02e03f166b1184764c74cf83045,d67638f77f011d0765c737464aa5313a,f0569591a6e4acdb9f3a902e68fcf76f,904c910426e715f4f490da66368ab147,902180fbece572110ce7d01eb69d491b,0cc4d144db62d01e8ec97f6af4a4f359,6a92d4380fed97989cae96747d736af1,6a01a9b0762e560b1f2dd4d2a4a09541
2217c62a54b825de6f9584dd897914b1,6665330428f322a6a5c96601713defd5,4b6825c1604eceb67d4b6febf692433d,29e30f54dbeffcf3d72de4a2e8ab476d,939cc6b51fca27529436d3c86b2ea559,08f2c5f7cdbe1ab34699ae9e992f14ca,cc970562c96d7999ee99552aeeaec8c3,,,
9fb841fc4583617c4d489fc3763fbeb2,15ccaec6d617b980a097076588d78c91,d90a74efeb29926cb3e47d91e7e108ce,8d0db2dc55fe76df2899330dd18064cb,1741beb93f4d9a3291d0816e086f8489,6164b22f7cbe2b47ac4ad8e8df778a80,ce19eafffbfed80f10fdc07bca0fc373,89cc2882aeba5056edf7612a252df576,f684bc954d0c806c9db545da659f3609,71b22e689cb25c61707390f67c53f34f
9ff0ff7bb4d0b02ed434513423e2eb34,630a0635a431561438cbbc38681040fe,af4ce2cdc01b93a510e96686b3f30328,8e9aad0f82426072b3628be738302e83,6369d5394a53a78de0a9c50f0ac43abb,c4cb0759db509530763112a287af6e9b,0c9fbf0fb6e227118011e76f98cb2096,68758f53f7e8663dc54bcbe70058b983,959316fe9c6389d4bdd3e63459285778,a280334ebbdb9cd6d211ba11b6facace
66cb9ca9319e09fbe91a24ea273a46f2,856fc9053a96d3926b9b0fb85571ebf9,8fa4630c5e18051c81132bf7d1e5696b,,,,,,,
c45cefe35f50347510da16dc8d2c19b6,52984f4167005b997a87288157aefd22,e98bc526df478192a31a2d7bbff3255f,11f31df72fd48d178fdb3b11fa2b6a92,5f993932345d0de120b8829bd1a31b53,4ff8824d86c06a32cabb8345dcfa3d0b,194532eb5b2d851869d9be3b2a855f9c,abc104b1550292bf5b5b40d7cdbe00d3,8a61f3a43c17f1be09b90b05a95a5ea0,ba331e093e9de5989b3a3508d9b74ac2
a97560ead247548fb8118e400ce02051,93e2083bc64882a5f60660fc2e3d47e3,6b7515876e004e5cc485356efdc07ab4,dd2be7166880c81902482bdd655c5e58,48adfe252ef60e16c0dd567e5ee45067,735996f30f7695d96c6d71cb27685431,1630fb5b1020864fd8526a8c5205c7bf,39ececde778d10d41d94b41ebc7777ce,dce7d3403b6401ad8151ddfc6fa15d81,6014532e2017202b2a74ee5d24444f61
1ec79a5484cfa7d44e39beec2086133a,24fe4d42a2d55da89db00451f1c76b6a,25c93cb0c7c085104f1d5ce7ee6e30bc,42301e6d0578e6c38b1e5b5fcccc63f9,d00e172711f70762749858de238effba,df7298eef7a28352d5af2eef499f9919,6b9a696d3b2c51142f82e7845eb5c615,807d074d9f87b9142f516c463592186a,55ad06932124275b44cb35eb75fc458d,402bf185c8a900fd5d0937ce2940beb9
b17bf3040b21fb927ab982ec47f5f63a,78c7e797a5d0894a3e10254b0cbee5b1,1234bdb7148bb0483c93cfa3714860c3,d3bb32bf02a249eb6f68cce1daff8fa2,a1391e8ff4a68e9d17ae6fa0a1cbd26b,bde2c4cac9c1c25227ecb6acba92173e,3e98bb841b431f83c1f5d9b024f06da9,e6a5f4e361548659b55ec95314ec81d7,2172c8c8361fb2ff96188b383299ee8f,47365b6d5b5a20b8d2f422f194b7a791
9ee823998656d0988c3c4826f5b92d37,19abb7db9d49bdedb77bf774309131e4,a2ee6ec152c0566b373c79d634c13a66,48cdb15e686022020ebe95791033785a,1339ded0cf74d7b613e2e1601a87f36e,9562d2bb0dd4c1a77bb73735c0fdcc4c,d9b0c082cebff2798711ab296c3e7cb4,a9bd62d7b3ecdcc39cbfe05c41b7b53d,f7486ec9783ae1b505f7ffc214ecb5e9,ffd00bc815c1cf91bed34456a08b87ca
2c3ce6e616dbf14907cf2d9e148c94dc,,,,,,,,,
b37a6a76f1994613f347a564de7f31f8,980b608b9d91a2bbd38ae3d5b59c0a91,bb26bf78ec06a80ad51e0b296af67709,2d0a6589d84d3dbd817a0d577e314dc2,c330f1570afa143128ba22d06a92b293,aa0689f1aefe2516b19a03a76eb3e6e5,36c1d1b20ef6c3800d09ff68ef44e382,4b7361ebc9cb64db6dfefa90d83c78a5,ae3d39c434c43df9ddc8cabe8bee7eb7,
de463c82ff5b744c592f26196dfe41af,ea8bf2f5ca50d666679be797a1a06fd5,31783ce22e6feccf46e8f0be93ea56c6,b8ccac6d322fe931d55870e072dda986,890925df4f4d83bdb8ddbed1ea957c1b,b0cb8782e0edbd036bfeddced7ffa316,8e4e69a360c04c09ee01d9d10e407129,17c49c880001a40ceb5224714f76be79,1168bfe32f8b36a06071eb5e55425197,44689fef9534ff6e5a6ae8bb28504a09
25e24fa071eb2db4cf5587933ee3dc01,0383f6783b857996186a65dcb8daa6b8,3ec597c1fa4de5e104deb6e99e27f2fc,baec60d13af8fc268c1b85e2c772ba00,4f5a2e9b8f2ee88a743a71c9265151c8,7360f9e2e6a5781852eef81e42ec1b3f,06719a3b2dc6b1260329d500239e4bf5,01e4b8458dce3ff92ce4e59d7af8f88d,e3d597346aaa5cf7a7fffe62a7ee1e95,2ec511c625a3442bc26e0c526c4a26f1
300f831677bc6170a1163cf4c4b375bd,5775875a3b92bec11d7a8b5453e6480e,4550d8564ee7e094563f145645dd0ba4,,,,,,,
ea6fae5ec5b24428a0dc2f4a567e2213,b91f253918ce61e1fb2348c9f1b06759,e642bd7dd791877332e81896dcabe05b,2ab5388a027541d113ce82d0c45a38b8,530cf9e747f9aaba618c820092dde80e,349213a433aa5819f2df94554290930e,e6668417b349341a7236150435ed9b95,236f5b84039ed4c372d2a92ec1bb365b,647b3ef17bb6c60a1b413102c0e7fc27,
fbe4b9882681580d4527854194006682,53396049094f3ea2a93559451068349b,b5634e641be2986a0d03fa00e82627f2,a89317dec2266611363818cbd2d52589,8e3880efb40cfe38fce653bd63581dc8,,,,,
1234bdb7148bb0483c93cfa3714860c3,cdddc44979ff683215d477b5429d9379,a65dcb725ca60b9ab205533a88e4395a,5a108f7c99617058060592e53e4f5156,be907e89176f01dddfd1fe20514698b0,e207b7ccb4af5a2a65242ff103373f16,307032b2fa98a7928e4a1c7749a98c80,592954b9c7445a8007d638eecc863362,0f0c17c54c7c2a854dea5088904f555a,bd9a42e957c179b7a8dfad12103288ee
7d5ba8449b93b4ff56a605cddc0d6fbc,8ea7114af10861fb9d9869d8148fb95c,,,,,,,,
1d19153241850851ce6caf4cb68b5e0e,d5a3a63ffb815ae8004406cbf624d6ac,d87cdf3c39b10b1b49968e357154c26e,bac38e7b22816ada538d629c3f83e0b7,2424e17e4200e7d1d029c9ec9cb71dbb,5f272b242626f571a6ec29a697cd5fa9,3f7dd4b181369e0e72a093eedc974432,93d6f411db4f151d14f43f9f23d82482,9f22490ab296774f97fb13be19f684d0,33f395a4a8fab7b73f5376e877afa658
7e0eae1bfc904d9a6f3f95a29b7f2bb7,bffb073a0d42a4a35bb8b7c94b5ae9d5,acee6cf5bfcf87d39bf7fea78698630f,c1dce6b964db836801bf8278ca9fa578,22301d340333a1c40eb23a2e0a5b6caa,2c937b3822999ee338cc5513a3a727e4,,,,
70cf69d68f0e9aca1966fc689c349feb,4851f48efe887240d22a65d0b28cef91,c59618171ea13fdf29b96345196bca29,99a0ffa3a6d835693a79fc888275a7a7,0a7fa4636a953b19c62296f294a1e807,b59d4e18fa474782e9c1757037a61e4c,fec01673b65658654b86cb3521588eb0,38b0583b42f60706b411c2f5681a3196,9be4dccfaaa0ade453c05339279251bd,e3dd1a6b95655c8d13c74c28b251f469
5495eb3537bd406a790483e96117642c,bf39399d08b8eb63722159a109429a6e,eff4656da119068313680a2be335fdbe,6f0d99d11e8f67290fc3c50126034a67,1d9a8b8f87f4fa9de2891875c679b9c1,9127e7cb98650e72b80c311bba0db501,,,,
1ec79a5484cfa7d44e39beec2086133a,bcf5146ed12eb0e936e84e8e335aef7d,e609a6d11d2e80d45943e41e4c650e1c,ad62e0a3f8e5e6725b9a108de57ec726,d099381a52233ac4a7dc429ee9672924,c4715b748e8d27100ec4aaa80aff5ccc,4c9f3daf7dc114a8555f6daf09a5f417,125dc6bf0b8d64ff822f19fa3b1e5ca6,5af568e0713cce19d1c7445c710b71f9,802b12905773ad38c3cb10732b5d57df
56cecf50eea7fb787a1b9649bb3c80e2,0cc4d144db62d01e8ec97f6af4a4f359,2c3ded47123cef013d2c31952241e6f9,515d4ccb0c110f2a6ad44e80a57b1a75,8053056ac02971b1982f7be71f47ec3a,98bc3a87a1e2322515f114db75c8795e,204e8362a7538ccc6ff1a9a1e8d433bb,a00c5bb57a8ed56730109683ba66d761,6f461b11e46a83302d79075594023e19,9826a2c1f8432d8f65285c03f67b81c9
70b9c8629356831b5c126e441869601a,7441f77047ac779e1ff1b7b42d0386b4,5a13930ede9738e0ad59c290dc7253c5,,,,,,,
5ed255973d68a96ce496e9162813abad,0f952426a7df9a0f605e028cd1193e70,b985831818d53ca3d791d7af9bb33619,,,,,,,
7d4d75e74a5301d27d6cca43ea1c4ff7,9dfd7d38244b12affe664f5b7428dc0c,95252a17fae5ee71e569831d2458736e,ebe72781a39278f82557d65264e9b639,d81922c060a390ac8a2434784eed7de2,97dd69d1a7e19f4f9fc926313458b49f,c9afe2c842082a809fd2d69d81a5cc80,fcb1f874cc8fd55377d20666b6fa4a46,9243da254075ed30ba611c8302193cb5,5bacff2d2e526de91dc221505ad4666d
62041cb65737474c65ba26ee62d580cf,42f719e1229704a1d92f0d6ee390bfab,c9f635b45b8ac6c98c517cdcc50589cf,ee8086151cba4c00a3c0a31887a5fa2b,95e2ce1bfc66ce729a01729e4ce761ae,319538800e98b9d8e633fc467e283667,716b9876a50553393e8758dd21c0aaa5,20316efe90be02029d653ddec92023ff,25bbfd79842dbd25c52b67d45dfb33dc,7a708f4bf7a07a44b71951afc5a53eef
1d348d155c24836baedf9998d4af02e3,c664385f7cd0f82be168c72dd17b26e2,,,,,,,,
9f22255c932194ba6878557d046a7625,8236a840f15d2798ecb09c4f3faf71af,43bba19b5f6a3e8162d72822d0b480a8,,,,,,,
af895de6a5c013ee3340d7ba34f475ca,fe0aee835ff59db745460eeebc6e33dc,17a3c7d439bb6278a376f94adfc9f0b4,ac1a14aaf565b432621ed5e3d2ceac7b,2b8df14edd2036b216be48c416862ce6,dd06c60c7ca5ec1b29edf206e3c7ce1d,d292a8208a744212ad9199e0008d8078,d8ce1ccc7ade4152a6c9c4158d21be2c,,
f0f01afc798cc720ea2c63b75ea0fbd5,7d38b57713a132800728da5b031f0a21,c1edfa601a91a742030358d90a4bf200,2fca0c8564dcf2f70bd957c28a375d0b,dec5737202b717f8b30ac0d9ca5c9d91,673d6d38961346a809097f40b7f270f3,69a18072bd2a5c37979267e8e6f8989d,3174708df11408f248eb28c3d7e64119,2291748a7b878eac9716c243a9e1f8ef,92969dad506cbd044be2390813661086
1eaac74f93d639235d0fa899e38b5539,dbab0d1956d386c8c90930c811d256b3,a9de69724f613320351eddb2f02b197f,f907a27edc5a747f12bd0b86a40d341b,2e87dec6654d9b78543dc20a29f48ae4,47a328f53bf87562674b5890e604162b,6d3d40d5567c612fbcf512a0441a1b18,12df207cbccc62280705ed76c5bfea9a,,
0cd6e2c8e7e93a1895c24fbd04ceaa9c,3012818c2782ed80a0d93ace76c8ec7e,25faf942500c429dcd5c09c9785fb562,ebb8fd5c0bb2899905fe5133700b6136,0a601d6f14f220bcf6ee8da654edc627,08a375633efd4ec274ed2ef5d540f526,cad783df5643fd5585843bcc1a09b8ee,e8f1fbfb568246a9078dfea13f2c0613,3d04b4188e77049ec968422c8631c478,3a8d0a657d62f61596d2f9eef2eb9bae
7f4e95fbd0345eca85383a20fef1abc1,55f818567cb2aa096eb1ce738b2c881b,2aa1eb2de238858738c56e8ba306a44d,6759d9dda03b6cf8086792d34b2501f8,2c0d4f68dc19ab1c41f44cb1739d5697,583d70d1fafbbab6d2337408af08ac82,fb0b846795cf733c96f2f97afd3bb594,68130f7c055901b5235f4451a4d4f463,69e2a9124cfb80849cd2271b9a3aec9f,bf39399d08b8eb63722159a109429a6e
6a0083927be819dbcd93ec5e2f158fd5,8dedb59a450e95cc0ac9cdc7d657bb33,63e3cfac0a6ef987ee4e207d46d970d5,fe58deaead61ac7385bd2ebfeb7c2abb,4650e9a70e0beed843ed9e740476b1df,61a25547dda360850a9c0d79c43e5bba,,,,
0553de27baf32d8cbda6e08371d8721a,fe94aa64ee90b1ec14ef05e0352b9cfe,8c65e91c4d92c6cc236ae99a09224e12,1f6c83f8c7dab51a68ca0144ba8a6b3e,66696cc80216e60ba85e6eb7c66261a5,a050fa6f798473db6d9580de548e40c2,2ec511c625a3442bc26e0c526c4a26f1,62e02cd16d39f49a9f00d5070955c7fe,74951aba73b24eb82035789d12ea6a08,b864f50b90f5b19d0cbe926e21eb01f2
07bb99eda01acb48fa591ba8e739746a,c330f1570afa143128ba22d06a92b293,fb72d4f7b1ef5b143e290e4a53d03bcf,c4a5a98ed09fab2318773ce9377532a5,cdd71622b9efe98ff57452c7024649f9,fb7e71ed69bcebebb1d51a7babe6444e,42d11fc9d8cae80bb7f7d78f66cad892,038575944e311bcf2976d3c4d2a5803a,,
646aa3db713acd520c460628f9e2fc85,5ccaefa01c56c74ecc5663d9c72dd5b4,51da3b8672d0cf7db33860e96be131ae,5b9ad99429e8d1925667547da1d98e4c,,,,,,
4116a0c2fcfaadcfa01ad0aa12225468,e8d072248f554778c0e46f287f5a7bdb,a9592d200adc1fc3190f2f52a6844131,d7db1472eb8e7cec8844439438ad424e,67cb19b9b588e4fad41de57126ecc685,d5a3a63ffb815ae8004406cbf624d6ac,34b4462fe386f46bb9a686829e01a774,56927dd71811af46b6e19acd980ba705,c19b413ffa19693579a005f8a39d688e,4b255f5f7fea414043f8877d3771f540
68a22cf8264d7288a50331a115fed1e9,7c68f6a6d0670ade61e2f0b5d9661142,083fe1c12dd30248ebb0ff0471e5bbb4,6843cb5cb851650954d0c3bf48c328f0,4f823747feb1b191e5e84a7bbef5da12,8ac7a7496297d1eb83f1baa7de9e4528,8326c996f5494c165273321e8799f8cf,eaa3c6000c54b1818a18934660f68d12,40ec6f022794694643b7a6dbbecad6eb,0129267e06344610705ea1d4b21ad3b6
9f68a981508ee91dac6541453b5a1cc7,8bca11f980d45bf9a59dad924a9b2ef4,7b97f9ce4364b70c60c6ff50aff9c28b,2502c1d4c4cbcc8d63b13840b89e7f6a,58630dd3cb871fd67fcbe011cc084011,1b6094cce9ddcb1f928731ec613c5d10,88529656bc07969701c143a8004baead,e066cbd35a9d5575ba1a8391c268d41b,1225d8264e6c7dd01ad3ae9d45bcd8dc,e54062385645185df419eb59182566c0
b25aac5d8848da89f300b0d8ba7f7e69,f00d279324305ef3dd2a576f331278a6,a502d978bd197d729450bd0f328b4080,,,,,,,
10d59571d37853239309c80c9b1b3c6b,4719b11510e68c3ab7f4f74175bfdac1,1ed30e5787ad4a9c5c8e952bb7622cbb,8d77c353eff80c67f9b8b3d3d8e8190f,92d2f66e3a2a921b3d470d821066a4aa,0da55895b6d0efcd710c58245cdc87a9,e6c510c3ac9580fa62d1c98a1b3a7e8b,1d65ae96d6013fd91c2460693bd285b8,6875bc798c2d5179dfbb14af3871153a,8242dfead2c0546da921128bd8775cb7
82d305ef3aca752b45bf02c58564f365,5556f5e5ab64a401c6dd81efa789004d,86a4377b04035d2ab65e0a16bfa21495,ac96d2c7727fe189c24bc41df5cb0b65,be79d1116eb68f03ff96e7fd20111529,21b7c9c56f68a60a369deb64a65f0004,9aa55a1f1e9cb90f9cb489cf83b350f3,fa3a0147d5e96ac308982b8a8d674546,,
37dfe543417329449afe8b894244fe5b,f24958deb23629aee9ae080313888a02,fd08ed32e8f65864b2082947b00e038c,311c93e2c38e2ce53fffd91ab72f53bb,9efa60f6b94f929a9347c2952bde2e9d,a7f2184a5cb48b9e7e70aaa2c23633c6,61643407dbba77493a3baa5cd94d665c,2bc99de93f69228d475ee696eb66fab3,81cd2bc01c18a4e64218b4ef764ce9bb,a27b9f99175b310cad50c2813b233b67
4a5451a7e3fa06675cea2e4c5a47f02e,1234bdb7148bb0483c93cfa3714860c3,cdddc44979ff683215d477b5429d9379,83bb952eb9c04715c8f648c100b1a15a,3d54d1234ce156033c99fbda35f72c7b,3174708df11408f248eb28c3d7e64119,fab4fd725511924faa4daab64a353415,c981a819798a35d7eea58abdb0430dd4,cf5b35a20944731af7921424417a5474,bfa3bb7a45f860112062484e440bcd86
2742a2d66dd10680186bb0a3a31d85ef,cb82f19a133a2d1e86888f8c1a34b3d2,cd2c98f63d6053d9d3eee87ada2ac9c5,a56d06a9c168c7d707aef4f5f21e46d6,773b4bc60ce6220c33303601d7e19c94,637ef13715dc9a815687dab2fb9fce29,146c96eabf9b272f9df9b7d101266506,6ba27890506558d0142d6c23f9e7577d,390b9e0e259a914a1a0c9dab35c5ca8c,56226ef5a60a6b0766947385fff8d39c
071c9ee93ad608769da62f1b0b81e9ed,a93bee6a5328e00438c462e9948e4013,a3ac51bdb3530b2f447411416c26b51d,6efb0fc01602848045f2b50c95c2862f,73e7074939a97ccc8d0b4b66c48a9db1,43a74ec82a8fc41bd1edb802287fc5f8,,,,
4d66f9c86c66ead76ee9c4a6b23036e4,31a1efec5297d0600e6cf91a2f267fb4,41cbf608224b04089098f14620f8869c,18d1e726672844c33abeab3d7a88da57,,,,,,
29b24c6d6ad3699eb2318d6fdfb6b070,d6d6da7dab0ea32fdf0efdf7f45a3317,070e3e12008d18050e106daea200119e,,,,,,,
85f5494cb8c7b514c4d161b8a0bb91d8,55f3c6dd2198ead0583a1b9304c3c9d7,335656c2662a1e357066f936904fe2d5,f8bdb68a81def536bb700a06053edf0d,12f5b3544f0be1f09b08f84ae016953c,078023ddc2a87b107ddba52e25e714a7,,,,
9d8c8fbb3de71f701616cf372366568d,0fe66b8aa8e092273f30f03827136d4e,ea65ab4f3df89f367cf1c5156a8e2fe3,,,,,,,
718bba0119af17523fb47dbc0b7624df,c04e44c105f3036a63551376d652c845,25334fd9709b2b1b0c60dee30a5929ac,4c1c1bc8188efdbf29b1ec27cfa9d673,110277aa65f8671b5213ebbb3efbcc23,76e23298b27a3499142c500b9f33724a,,,,
9d1a4b74bbcc6c692b2e3b424c6c3406,d6e6ab75cc172a9b6c4100c348bc410d,93954f3a6ecc638951db7ea0810d73b8,4a7b6dc5feae3d6e669896424a1bbac7,,,,,,
e2068a3c6d52460c30f3258c5f2a80e7,a5ca8ff0fe9c1e81036cd5595508bd54,2ea317a09dd9403ac69ba63909948a17,ee7c65a585e181a44f9b9ef919fcc31e,5a36a90a5dce379f79eac6756101ba75,8852e6b7890a8d85296f457856a589a0,237a69332f58272b73579e7213972e7e,e16b7f36158adb751c8ec85f2a9b82f1,16432ab04ac5629a251efc288e8bdd53,cf5b35a20944731af7921424417a5474
9ee823998656d0988c3c4826f5b92d37,72c967a3d9bfd3a684770e19e9c0a2ea,4488d2d753b8094b237603f86edc8a7d,ee1774b9435d7156ff8765ef73d9ffa5,7a01cf05306ad7344beee984ee842a28,5872d161d8f964ff43d814df52e3a198,2b93fc87d1211a5271755a0ce168e0a6,b95324e36fcd70cb02c69e79bba8825e,5559b1866e7229ade92cf478aa6de00e,92d176369be715edc1846f4fb518e75c
a19fc9e321f333f3efbf733b228a11a1,97df070081e17a9c57a3302115aa1393,7db650d3849bf39c589d7f172896d916,8a56de2cebb18d86a4113a7b220182ff,0277ee8b7d27e6334a050bf2a3fdd19a,2d8e24fe2f94094bbee05a23e3d90790,ff19b9ca93c20c8f4eecd1701ed1c522,37d666c36b11e0b2c6518e574ed768b8,,
24b2ec3ea3a6a30d10a3a0a6770bd6f8,c7b59042ed221f3fa1ab4b913ec34608,16bc3a4dc0ee20baa5df010c3b015a2c,b338e8a2199f1495f782140ecce6d354,1c716b5342b9f6df2b72fe5f848a9ee8,d54aa0189253ad68b9637ad45a81c120,c200157b8d2624848f243d23b64b05a3,,,
150aeaf1a91cb85ec74452faff537244,2548259c16d134a397726ab39b29047e,22fef125ee2c7d31c577cdad5a8f797d,261ac2a0d446acf00ccebf9602e87c49,,,,,,
55f818567cb2aa096eb1ce738b2c881b,bbf5e1931e857b97153aa02402f9b493,36930ce6b1810ff6f21a2b67a3760023,d55e17533e2d127c05fd711d7ae057d4,b97beeed16f8e0524551233ade909565,,,,,
d2c1215d0fa122d3fb58b1872eaf3b1f,fbcc758350a0137638f9a51d95f1a0ce,,,,,,,,
f8139ab946f5304409ab35221f71a068,13be3b97f7854552a16a6269d37423d4,cd3d18f6a8ee4ab8c28220cf8717fbfe,af68dc6d4753d4830e0461ae26cf047c,afe06906eed0fcb42aab362993a568a5,,,,,
2c0d4f68dc19ab1c41f44cb1739d5697,d3aea0a30ff8fdd025eedc411e495b21,5622018562cf7916373d8effcc32a235,5622018562cf7916373d8effcc32a235,93cecb308edf79216564c2a720f5f589,69ef4cb8022ca85b8cebbb53bdfc42bf,9ce0e5f64e1ba331e770e43810130afb,90a2a7606716bc587af9960cd81caf47,8bb8250f42f8474aca8a017b42ffef85,
4116a0c2fcfaadcfa01ad0aa12225468,fe94aa64ee90b1ec14ef05e0352b9cfe,be906cd73ebdc7ec1ea239e4c426faea,b437cf0c7356c21d5a3aae50b5b3c39f,d005d280e557a78558c33f95fd226fbf,56995b337452745115ded7f32e7390e0,68f3fac187c71f65887a6b13813313f4,56927dd71811af46b6e19acd980ba705,99a3fd2881051693b416ca63c7e68728,0d314f922b43197ef15733b9d4e0a6c2
b200e32996ae9960a2ab85a6ddb40dbb,32ca31e2d33543a86f2b555c1fa3df75,70777c999ddf7333c0bb6c2794598b89,8ae25fd9976ef117f0d44dabad462503,9f7b774de4890ecfe2153feaf1a0c264,,,,,
3df72aa33020b87140cd69fa10f64bf0,12df207cbccc62280705ed76c5bfea9a,3acdd17fe00da73fdf56bcb144b8589d,,,,,,,
8827aa2850aa173ea88b5ac667bde741,3cdb8378d5600b765372fca0fa0c6f80,0a2cdcd0a0bce81f96bf986e353773b9,98c8fa917d4fb29eba1a03b082feb0d9,25465d20b36bba5bf27e73ba23b3b4e8,db1a55df0c6c333c5b38ea7c453054ef,f3efb89020d4493d905135d9a567a51d,,,
a257453e3b9ec189dd67573927488190,f6377871e067055180fc405d3ce70677,af25c99a3dd24eefaded66b91ebb0f0b,cb2cabf9e58b662a00217267d11755eb,4550d8564ee7e094563f145645dd0ba4,8d63a308fdfb33def4f6e1446c2b4d38,a0ecb2f5789467a68ab4f8751ae841c6,dfc2bc3f244b3baf5c1f7ad402c83688,cad4fe67606f6ceca12fd10e14b19311,f05fa1849884214dcb9d085e67cb1547
fa6653a6a6fd622fa6ad30bf0540b63b,a16f80f54349fa7a2631c4f1db049903,75552e302f86cb9f598e96770e7dcdb4,8ba8915afe1d081c74aa54b56b8ed0b1,2be1202922c6d5707ed6bb6c895df76c,8d0db2dc55fe76df2899330dd18064cb,e9196dd5151eb30a77976cb114a5ff62,15eaa0a653431dfb2c80e3e031866e49,34f05f6edb151b17dfd509795cb327e7,280c7e548fa8cadc46ed2c7448d90701
f521bf43c4fc59d5d0dd195dcc16165d,a1b0aec7017981da4ad302d204ceee8e,57e0b6c293c65b2d75771c65798052d9,49176b496e533ead8ab9719b586ce0d4,aac2104dd02adf91fcafb6fe440f3832,d240021e65365b3783559b43ff4f257e,967513ef88181d9a8f843f6f96c38d5d,e2eebe88b62e4720c41334136cbe068e,cbce4ab9ef0712bbfd7207f462a7d434,9deff3f0ca2387b3c5fca145aedd5b58
b0e108fc836281092f2999d289595c22,a91853f21f2b537ee3eff6ffa811cad9,96ea6db351240be05d26086217726d4e,7a40d80df9f83c603a7802d34cc72b98,2e1e144708645c07f2b3fda362be8c9d,b094b6d03aa16b02f99688e465ea7620,60cb62e7ef60a2d9536c8726a22fec1b,d672f963b577cbd1df89be00e3356c34,2f2ebf5dd7a14cb649e8b7567a9a3bf6,4cc50807dc1c9221c92992aaf2f25ce6
8418393974a9a48976f307af22376b1c,98b1865c29f3ee9353688ff1e3569488,e702244695c664b0794a2946a17cbf50,cc6cb09d214f6b7488f50b4e17187e16,51ffc2685b528ad769a4aaab6d4c4c10,304ca3fe46b774644d08e0409c2c150d,66a20a12bcdb37c1a8bbf890e319adc8,9fdc4644e299f53bf0106e812437e53d,7e066247c20447ca83dff373b4304a9a,4725ec09e5d237ff4da067b10f2c9d9b
8286e663bf52784cf5430e1afbc1b6df,fc286421e3ab5905631556e3c89be5b2,f1fff0c9f021136ab788248decf770cf,d189e7e152ed354d9291351e0caf270f,610d5b25f50f31ae185144d125ceaf77,dd22aa91b0bde12f472a8c9935df176f,b18e597c1daeecff43d9dfba7e85b625,8bad3179eab7b6f4c765db7b1605fec9,5ec473c79c6d320c835b375174fb9c31,
326e294db324fad40b3c8e735a9e9205,97d409a2e0fcb291ad27e82a541a014d,65a16e58a3ccf568976b5042db5563c4,1adfdb24f0f169c401bf84a37deed654,4c7b9446d5f09bf223c5147da56737cf,f3cd2ae5c36d666b96232751f9f33495,36376cc51acfb8cbdcd67e634af462d8,4c530047e00f5c725207fc2e5e3cf5fa,7fcebd6bdbd021beb84d420d41421a99,
1df93cd4a3bbcaf40730d70b16bdf8fd,a78337f33c247fac9178891c6e21b85e,d533843600a6cbf6286366692677d00e,d06a3694d93878ce2887f10825707465,86f8a061c4f1541f17d9e6f521a8fa95,ec8e309048e966195fe6ca59020a9148,7a9d3798d2a58ce7cb29d306fadf504c,e3ed8e305d64e068d00e57e4883f9d72,ee0b48efe32880190c983c1465be7515,cac8b4c345b0048dcba0f91f633649b2
59b0aabfa3caaf2da19c4e430f137cfd,314da6d0494634a2d4acddb6d3fc85ed,10e90716e21267eb8359aa231cd17956,ea4f779a0b0d7c7e7406d486446fa39a,,,,,,
0cc9f2a6b3e50712ce73703b8f45418c,0cc9f2a6b3e50712ce73703b8f45418c,641e03907ea050cbc5e3a92a870ae3a0,,,,,,,
42ce8b6d66006e96c08cda196b35d1f4,a6ac0cd277f5be675b8cb9fc987d5bad,29112ecf69d7749bb78354781a5541cb,5ed479ad596b9cbc2512281657cc07d4,a8c0050dfa84f3b302873751a6f7782f,256d38d0b81b988305aa069632d697bc,a304b2908f89f597e7a1a6d4cded4835,9f5db315115839ef283fcf395ad8e358,a4607f7f3ccacce8b9b9248ff2709831,fdb3242bd8e8a5c93d80fb48d3b81e17
3cab4022eab06f2bc8790f735d78ccc7,6fea5cca73fbbadff49ff99fed19ed16,cc64a63ffea50192c033157889855e22,993589de522fe47347ff487a3d9053d8,19f507a66bdff1d3fa977f47d0e724e0,62e20b4c3b737b7fee773023f2283a4b,99730d4ad22ec6e4058535f5a166d01a,abaac2bb905093f7b16f5b84a6ccd0a4,891b2935450396454ddaef4d973d3420,
60950ec458f7d85520f8b877acddcfb8,befaea9b800c96fcd783b7915c98acb2,e957095326ea88ae8f0a5d09e13f0907,951a2249d3470e5410b525446d80efa9,26dda4561634bb092f78e86aff531268,375f970e66b727a8a9b68271a948ee62,d19dd9164248314563f5bfdf83c1faa4,725d12d3fe61bcbe3c6b04c16f63d7ef,61994cdd40550c6368d58704afa34746,e795eac1cc4d74d0a7e21b0b9643fea1
865dd505244906c133bdc6302fad47b5,2ae89f194d149c4d131b7579ebfb07e5,,,,,,,,
aec4185b38cf2080365935812a2e8ddd,7a708f4bf7a07a44b71951afc5a53eef,8112c0d7f77cc46dbebaef8701190358,87d1af47f203cecd79761512eec43a4e,d3b0ecf26926c8d25cdce520654212e2,d8016998df86c98bbe7483c199268d8f,39e80251a63ee53b2e9b8e86a6a62949,4cb5407551a2fbae93aaa6e3abda41c8,a32f60f761c5748bf22df4636a345029,62161d988e9f14d1c0b02c10aa190c4f
5861fe2600f43f9085e5be3a57cf3b3a,d0a4e214f94392f4e9416d5aa035f39b,ee08dcb87f5dafa2605bada1781d4091,a0853fbb9c514b4074e8738e2d8a4358,3e8b14c1b5e150b7ffd6b9945c839c8d,cd20d3d706bfe5fcf8b279af86497737,6501be5b82ce9caaedddeb413e2afd8e,cdc928550d125d85dca24cdcab731442,37e5f4f4ad8d4d5cf9d165bf8ee95a9b,
05ee7ed6e07e8aa4444a54daa6e9ecf7,,,,,,,,,
d6d67c32d1bbe2c483f31a6415d12c12,c21755881c5dc50d7b8ed62709128b11,,,,,,,,
497c3ca5301afeb0bafb3b068525bc29,142df888486e7c87342420aeda4fba60,6cdb1f1a1caf4d1eb1938516330b3a02,d28e8684db2391e8a2b52a0450817da3,57588b092d22b77c16f1b108d78c3e02,eadea9fefd126b7a14eb25f0fe3c856a,ff9419799a92b15ca39e055b99c0f7f6,f33fb49b656bdf81634a92e6c25f9a2b,31e5001e139f807eb7e8b0acfc8d96bc,ec9604c9a3ebbde77f56a70922ab6ba8
38b0583b42f60706b411c2f5681a3196,,,,,,,,,
c3c9295fe15ec79c4002d90e440814e0,11544026f7b69d36731bfde08d06d495,c65b683de1f7ff56525356e99dae1f11,ccd96a718930b60105b2816ae3f4a594,,,,,,
74d9fe0d876cd7310da0faca870e6b19,989acb7e3c99c7866880db11f700d6e7,e06deadbcb356ce4f22eb3e258768397,b3ce020da3d1aadaee627fe63b64a396,412c49b13bc64cf9622c84a33ea09b8f,bfaac4603fe3e8870fc5f4dbb02abc99,9239beeab520492d5b4a9cb08090fbe4,f72c3b76e74434db8ef41f6b8536a398,0a2a38833d05e1b4947fd197e142d3b0,b18e597c1daeecff43d9dfba7e85b625
c7042b121ffd42860be180ad0da47586,206e398d36a28271c0e160fdcdbf1810,dcda8b6f387bc50ac77c46b710e499e4,feecaa942648b5fcbe1686fc44906170,9466b96ade80f1ddaaf76c8f322b3af8,b157b5724fd061a4603c698187a07edb,e1f0150edb1eba779098fafd98dd7d2e,09abfcf854eadd419d822b275db36426,,
2c0d4f68dc19ab1c41f44cb1739d5697,f7486ec9783ae1b505f7ffc214ecb5e9,ca9e517c115465640b41efd30d3fd4da,14fc677469c1bcf3da636762cc8bb1c9,50fe144eabad0a1821204e63e2785cf0,8748e7f756accb02ead763f7199f9379,14a81711223e0f87abfe02e8d6e39e43,ada9c1645471ba2a4e30403ea1d8bdf7,e2bb5a6d1804de721fe2600112987d88,9fed3fc22138af90d7eee9ee689a030c
748d827e40ab39c500fbea2e24b3b024,73274003e63befa195114d339a5e3d46,fc23e5bef235295ae54c46546c55c5ac,fb7e71ed69bcebebb1d51a7babe6444e,,,,,,
a5055f9627743f0f5ff4c24e6a6044d9,,,,,,,,,
08e0ed45a03ae768e8c0007704bbc3ca,c91849136cfd0061e421105ebd95e5f6,3a12c53b50f2c8efe05383cae4a4b592,51e3de9e55b23729cd8c9a74c9333ac0,062503e15841eaa507226a7d5e688ef1,eb7b6aff6b6eb03d79c4e31e7b1c4a44,,,,
8e5fd7ad9d1e11141bb88464b90d7ab9,f6377871e067055180fc405d3ce70677,bc7eae09c0caf335ed04f572d849c62c,33101a00cfda3a699d78ab37fa89efa7,9e462d66f0f76fde1bd77099192b80fb,1d2d9082a86e8cf88ba8ff8ce954be81,f23d3ae13ad0c8e274acbb2a87e839a3,be925cdb6f03c1b58212df4c2831aedd,c3c08fe83cbe03f077c138dc922162d7,496622584b6a3e95adf941b0fff721d1
8223754f4c1e0686a8a9e5bb086c6a08,164e7f4b5d6c5fa0bc913a8396c58472,b5408f9efd3e0dfcd230df20905075c2,2ead74b6979110306009a2ea874d6a00,3b4d2c76c7ec65913069f66b3e270028,42c1cfb40cc3b77a375c098cd9796943,a6ab8ddc362da8ed603d7acf0933ace8,20f11b6e1527f7aff178e8e66d36a300,9f6ee26ad229c8aa4853924f6ad1ce9a,0fc4165d86c4a31bdcb80ca40d17bcb1
5036ce0cf16425aaa8747313c8929168,0c691c70453a7695e3a9177b91a355b9,68a22cf8264d7288a50331a115fed1e9,adac0ba13adbc27efe61947a345cd8e8,d2871745fe9b17f70cc284d54b11f7f7,d4172b1ffd2c06a14e019ccc4975cc54,4c704e48e190698e4f6e0a66d7bd6303,bebc34d1dc110e378d7ed2b5039aa3eb,,
822450a7c6e86f53664fc9b004bf49bc,693c481f0b063779693a66852614c632,8aac0839867d182e07312eee84ac7148,147c5280053d3506b54db0da949550bc,fdd2b2d3538ee67be2ea92015b443f11,83252dc030fad1190ad7138faa285789,62268eddd8dea95b106da7a0e87f67fd,,,
a63653633631726a44afb41c60f57ede,5af6908ed66c00a7856d24644f60bd9e,7f20778f51b7bc5da5e26cf3912edd02,,,,,,,
d9f4bf09c939ca15faf2c9161923670a,862233b798b6e8598acadefe24f28557,65f30f0ec67d61f744c65c052c9cc5c6,04cb00f6e4a99cee46c3e9d504949b5f,714a206b46766f010d35d5fdcd24b2c8,a3719742f6abc7af669eec92844cf3ba,756045abc4937e082b1ab5809f4e4c03,da52448148eb92066fcecdc010660905,f352a3dbe8544e38058fe37c0f6b25f7,6c59e74ee45d5d2fb51576c3f8970912
0e1be72da9a2a6589b6cc56b3ddd487b,ad85693cf1667d2c140211b3a72a89f1,637ef13715dc9a815687dab2fb9fce29,b08cb0e90a2beba6bd1e515094c149fd,3f96fedf46dfdac0da2c033ab7e2c478,6e3a5c611c1baf3c131fa992cce40a25,,,,
1072742599540c71197ac36f2b52dfcc,61cb8889121745d2d8efad1593def488,fcf38800b019ebc3cb644fdbcfa0a0bf,7b592e66aedc93724819c41f52c21b7c,,,,,,
cbf3b16535c882eac046f4cfee33d18f,,,,,,,,,
e91ec891bf4f9835f2b944851a56b31d,5c6342a4076f5c2b8d51ccdb13ad6d75,be3f950135c4ad5c367694b6c2adffc4,8e714290e3aaa6a84af33dc35b5ecee5,,,,,,
73891274680625703e37a97a75415e9a,967e83d7a22816b5f2e3c6435838a78d,113cc776380925c5e653d926eb586342,4e1ece5a515d19d2a6f178ca13ad1e8a,c5c0b80b47d2121416cfb1e533ac3f95,03e4fc7ef824c7c0d4194a734458646f,bc7555ddfacf2bc23f1c92dae5e5bd74,acddc2bcfc2aa6f325702d404fd16556,ff28774d87074b8732f5bac940126468,28943ddc8f5c14a4c918773bd86f15f3
4fa2d7b1fb1913f5e570cf0beab9ddba,4163e31f84a51996845b12761cd97cd7,146de568ea5ca9f83aaaf9c534f2b03c,1c724c6446d43cbbbafaefde2a3071e9,,,,,,
fe5176c26c16fd62fcfce5b49fd2081c,fe5176c26c16fd62fcfce5b49fd2081c,2d316c240d7bcbc872fd3c1d338434f0,c19b413ffa19693579a005f8a39d688e,4dcc2076350803f6863f7af7d4ed140a,db8a3cd864984dfbeaab16e9e760d2fb,b1c04365c42b723008ed735d406d89d2,b1c04365c42b723008ed735d406d89d2,,
717079634ef9814c12aa1bbda42f89c5,31be2aa7766835b0b13b56b7868b806c,839252b8433a5c28bba33cec648276cd,255efefcff3b3a935a66bbee16ec69ea,ca2082447bc802f117fc33da0162c1dc,acd5abbf50be09b7532c21fc6963feb5,,,,
50e63b2c09db9ddb6f18498f8e43075f,bfc52ef2a71829e83235be025530b24d,ae3e44f4120a7083f874401ce21fced9,,,,,,,
86ec7122df151800320d08b10c167482,d71535da7c02c7bd0b1e1cb28b325b1d,094aee083921a10d7a0574764937c4a2,1aed898069d29fc716a4a168ecf7c693,6d909872b059f4b78f11835c03d03309,95bf770bae496ed2a388abb8703d1d2c,a4f6b88ff19c372c4f661d5dd8295504,919211e37f1af2b1f657feceb56dd74a,5d357d9ce14eb1ed37aced321683955d,491b589bc4c671f4c31ec462985310d9
591c60216fd5a12a2612c709989821fd,d35d5aa82c419746a76b2484da182393,,,,,,,,
6c61bfd460d3acdc8c2c192e82c23e58,f9c064e9767b91acf14bfa3297523450,ef670ee08532c550170ef42e8814ed2a,b04be42c0f0f0e668e6d3a6f5a632941,d0bba9ae19cbedc4d543754ea19300bc,,,,,
11acdf28ede4e003c11b325e8e5a8e11,86a8a44e64fae5fe969b5f0a310bb49c,7f8d4cf296959eeecab296e1ba577d87,e1225b32629917466e8afb3edd4241bf,bccdd2f6db8b21e58cd3b6faed0bcb4b,,,,,
90436a86bcf92cd4ff54e1c78dc593fe,f4c3c7de6673f00f80fd23167cc7dc52,dded3de3f438d78ffa75d9d648ae27f5,4a16bfedbb25b05d7d5d2ea3c027e56a,d81f2a8a78da8e7c0e885a3bd375b717,1698621f636f157f0aa84661cd467279,757b6d7eaa5f0b57a441cdd2c623205e,d6ebd037d824cdeda05d9f27b076dd0d,11dc7bd84c13c35891c23266db3218fc,
83bb952eb9c04715c8f648c100b1a15a,1e249601d169454003775b2d350272b4,c6b122ef6a1f6a2100fc9120b08f1013,a99bee7f4b651fd3ec7c6782b579760e,9f63dc4ec74a5da6da8deabb2e9ccaa7,de7e4d59473155d7aee23a2aaea784f0,951200cf8e8b82979d98aebeabac3203,10029e7b3b6a7112c505d489081451b1,717c43400d9dc036fd75817e319fac12,
79a3bb10f84392bd48c35d656055241a,d2309f1b10f142f2b52d131ff41317e3,,,,,,,,
9a97a8d4bc55b055f13d348eee9c65bb,df1a0725486f102ab0279882b5513f12,c4748ea64f8a98bd9f05b4162109d255,a3747698b120a473fa4a4777aff0d595,ee3e627de8b5e10881a82bc4bb9cef51,,,,,
24bd6fe56f96ac7d5b5752c7bc215866,d658a4c55e6c56729107cfdf40647a29,6def5e24024bebc9501f3a643cf7bbfa,057612052179ee76a3a3e6713b6683b2,e318e79bbd3865991fb8820de5fa991a,,,,,
5f993932345d0de120b8829bd1a31b53,5f993932345d0de120b8829bd1a31b53,b007f6a1451d456c49b699f6f8e47e69,6e9e727046a88ecc11675314c4aca490,2589fb70dbfbb2df041be4f20f4b09db,2363a7ff378e7e578bffa9bc3b4fc9e3,d65edeacbff8cbe5282f4edd14c0b95b,06e2434a2d51eefdaa4e09660ef30e3e,ce4cf6ba02dd3f462f112ce96afcca78,575e3085392d81287cc49f985d30a6a8
48364e1c67d84c879bf007073ea66a2e,591ef1267d394de64d64ef93a816068b,9af3619ba734efc2645fac1315c05169,63a564e838e68e60e9e6e8d1e1429e7c,ebed399808f9b24c6da308693b32e655,35fe10cb7a5208a1e47bf7339a1801a5,bebc34d1dc110e378d7ed2b5039aa3eb,2d027350449785199ad93457ee0e4095,,
35608ab7192155108c62c514ceced8a2,98e79d9157bffccdf79dd7c6b707dd07,614dd1c4c9442a6eaad7ef333e9a7240,a050fa6f798473db6d9580de548e40c2,683e595de74123e2d200e2c1679242d9,2725ddd9f21a85ce20fcbf967d5af760,37abc2f285f7f3f71aefbda8687eeea9,,,
131ab2e40a811669fe1b7b527478a4af,3b79d79f8e7e15e5e830ccea5b3fe079,0f01f20591bc6d5fb14ed2d3055c2e99,760891b73bd230a0e0c2c35492a38285,48fd6a083a19218ed9b1a5b9a1a39aa6,80a27f9209faffb0bbbb464cb4a86f0c,1331543712c50935a0213d8c1c2af3b4,,,
e4a0bc8f4b88de657ffbea228901ca5b,985ae4f87d13e010944ae3a58502831e,228b3f7eabeba8318e471073279bca22,bcdeb1b0479974a8b2698092d99f3dc4,4434b8344fc47b0fdd53277a1dcac007,3560347dad92f42f42723e106fcbd635,6dfff4d70f6302a80be5adb8ea8f2959,00e6496f2d431397a8009634f60ecea5,56b97d33a1ba8507a0477149211bab1a,7c68f6a6d0670ade61e2f0b5d9661142
9e90c255de9d0d8b74031e3cfc47fdc3,,,,,,,,,
dc3fcc060fb78ea9d9182919393ae0b9,eaf7c6390fdf399bcb10adcd141c7e28,ddd7795960a171c629a2fd0ea31deaad,8fb0b9a67e98f1db0608fb45b62a4ab3,26b9726e1f54debbe041034b27ff2d14,2f67fba5df6a627e10075246d32dcab2,d215153a1eefc6294bdbd98cfa27869d,bdb3402ee3b37d94dca4badf49894a64,2f22a6eb186c8dd2c90137baf24f9865,6eb85d991a249acbdbc04992269181ab
215acef2da9de81216e454f923e248b8,3323ec79c2df14c5b932bdd5ba3fe2b4,2cdeb16288156c919718cae585d29e31,e1bf4f5603407229403db4b4e9fae9c1,,,,,,
98e79d9157bffccdf79dd7c6b707dd07,c54a7b4534a02d20ea1a105fa4553a63,,,,,,,,
f908d985e8a6ee1af6c02d75b7a80287,58d94d87ba7a878a0be60770399e1277,fc286421e3ab5905631556e3c89be5b2,4d36cf443a7543113779b8762a01a914,4fd1c4ce8f3df8ab9873d8a93aef7699,45e4cc5e461332d16df04d0cca3a1fd2,,,,
c13314b803f5385d31d4ab66b5e28c63,,,,,,,,,
2177d174f3e9ec3856e79cfeef56f6f0,4a5451a7e3fa06675cea2e4c5a47f02e,2e4f73e3b9c6a70c512e38e56c0203dd,9d959ba367805e8f159544930fd48496,dd958f95dedc258e1192f8374b415285,09cf93f4308ab59fa86144a293f0c311,fd0b1f78a604d6179a7000d259337c95,09dfa51e582fe53cc4fcdf0a365335d1,f3b212c923ee924e3b96f63106d9e0f3,08ed5d4f73dae02c61bdc77fdb09740c
4d1efe82d62e0d82334e88ef9c21dddb,a2fbfc4de81676a1cfc15ceb1e6c3113,9fb841fc4583617c4d489fc3763fbeb2,beed7bb28a735b754a6da8322c0db84a,b1d74a5ca284b01afed8ab11de729a83,8bd1fb4a7f370433ba7604819b642e56,4522d9a8148fe64a92a39285fee6c2e7,0708af09152a3a8d4673ebd038a1a7cc,c5c3051be742826575d7585343d31f54,489442d25eaaadc25f60ae9432d92725
ed0843aaae4fea26d6fe3285ca460697,6a2750a830cf651d32887ecde15a5548,7de1d1b49d8adeed8e452d98e4713e76,9409888a546a8c65435202ebba677a72,,,,,,
5f4b4a94e1384cee975ab6b72ac0f092,acf30b77d1fbec9fa58590e7b4f8db31,5ad32494ef359c9c2b808d30e75d9fbb,c69299d09c1c3d7b381c90958271b6a1,70b0af6c04b078c70225ad5f314e6ee3,6709214a0210c754ae8f56b30efd2851,0bb4b9de4cdacb458d75c7c1adcba8dc,c92b51ee12098aa52761bad33762b5c0,cd9957a1ba27f7e0b8925a7166cc1b40,fbb88a283d053c88ed5479d616fb0310
8d9e328d8089d1edbcbfc56c6c1b64c3,70e5108637dd0c93e93e8df5a6681097,08bf7a6b8c8ec7506878a44b0824f9e1,70cc345d4d655e7ca757b7e105352b4e,61400d9d186428752fcdaaacf81fd6b0,,,,,
fe62105e178aaa16bddccd3b28fee041,f22126a814c7dfee981c21a39fc63e15,c2d1d812ff60de188fc28048caa3fa0c,ee1a5799985d116410e88b0dc2bfbcab,3b4f378667adf8c17c02f8c09c34bc62,,,,,
ddf030d6baaf8a4e09d9b315bd313a25,6458482d59e6aa13ceb2bd3a81cbd75f,,,,,,,,
935ace89c194538287a86df28da0ba9c,12399364bc366afd38c13977aa8e16eb,,,,,,,,
822450a7c6e86f53664fc9b004bf49bc,5561502b857b2eb9c20d0182c1e6551f,43b2f276652d7376d2b694531db81769,8cd8d98507d7c15e0379256f46ab76fa,e6cd9f48c6da4feaee7f3f0583222183,c82181ee57e456621e63de79edc931fc,,,,
996c8cee6c3f7eb7a55beefc62edcc6b,d31620eff52b546fd0a0b6a50d32f604,d8bcd8cb7882c2f32d2f10c0e019202f,99bea829b2cff89d10aeec7d4651c5d0,12e527e4e3984e03b0b71f166e664b0e,862259b832c9fa318f316669595cb9d9,e85fa42bfefab498a091b4eed7d12a83,0fc902c13d5952f1ce6466d1efcac12a,,
f3d6e3dcf0313ec1365a3ae3d8da2a61,d71535da7c02c7bd0b1e1cb28b325b1d,599824bf69472d374bf071c6e106123a,635858922fa83ad0b62ae8f6ded5d4fa,ee25744c638823d135262719ba1e3a67,b2d29a556bc2d165cfb5c987c5114a23,,,,
f0569591a6e4acdb9f3a902e68fcf76f,b6320b32abd9edfc25bca6fdc932b18b,,,,,,,,
17f7bbd59b62bc6096420b31e2bf886e,7df570cd750601e0382c23e0235fba81,,,,,,,,
bfc52ef2a71829e83235be025530b24d,fd0b1f78a604d6179a7000d259337c95,74a84b3eb0b430b548fa825972a1c364,4d54a6a8a98078dae2bd32f102583051,5f75cf90c32c88bcb534387a231d30a1,,,,,
d25b4970c0bdced70c66ed1536077b14,768d5713164cffa1a0e5ce9054d8dcee,6252cb062479093a8dbd54e2e7a26cf9,,,,,,,
d9f4bf09c939ca15faf2c9161923670a,ac78890e7c09c28fc6ac74ae0ae64c33,00ff8f09cf4c0bf4759143fe114fdb28,26f1a3d199f789ab7e93cd379cbc3844,,,,,,
cb3b24dd14f11387aa143a278e8fcae2,daea45a7e6817669626b464affb6f9b4,e913d29effce46a5865f5c91946ef837,,,,,,,
fddcdadad875160c30b01afa9451a043,6691d3da204287f2b96f7dbdf59a0c41,1f1861f9f73744a69eab4ed3e343607f,4a282bfc3ea61376b32b7e6ebfa094c7,,,,,,
079639e5af5b01b6576ec2574cefdf15,39815c151920a2e321df625d33b0a393,,,,,,,,
32b40e76d766ffd719c1ccb8fd6aaf5c,592340bb0b84c6cdb633bfc789d26966,2dc7133bcc43d154c4b7278179d28220,,,,,,,
76fd8dece323ab6f9869c12dc40266a5,c3944b28bd0ef2341ed882630dd208d8,e8ce0fbe31c3bf83d00204fcc62a7f20,cee403a835bd575923857ea9df17818e,030517767c3d04c0232ae723cec5f0b5,5450f7f900994e27ad6403166d6596e2,b2447e708e87b8e356687e91987d8b61,485dc21f295c11326bbd53acffb84195,3659d5e188d736a575d5597e88947ec5,d117dc43f203a99665937cbc8fa0f4bb
52984f4167005b997a87288157aefd22,b3124370e120debc8ba02512b8e7a6cf,c48730306b26c2a259edaef3ebe3f402,a105c482939b4ccc91bbd0b8af756f89,,,,,,
df63b00d028a942ae1673dab8f1f09d5,a3e83fcb873e349ac585ac307333cb11,f9a5218fc456d91cc8c4b4bd41a0941c,,,,,,,
70e6cc36b49c322b685d73e898c7e7e1,1513d92dbf13f309e2e9c70005953f03,435e2ef89c09fd4ceaa6d0ca37055cd3,8b1f6a80c3b938bfa37d18b2443fb1dc,e6d54c8ae6bd6026a5402591b836fb12,,,,,
e687251fcdbb7dff2e06e404229011c4,6fd0d105af8c1b10928297912abed494,,,,,,,,
12525159329033fb7cb74929114cbd29,5ac0a148beb6a3995182ac6922b403bf,763444b4588823b203ac1fa2d8bf56d4,b0484490c1bb7b120f9fc1a64e1b64f7,1c360c4c6a123d6ab35fb844e82edbc1,1c36941d8ab4158c86881a54ebb2ae67,3507350aef96c223c3547c71604c48d9,5899b516b7f2dabd6401a1da4d1f8038,bbcb227ed712f4dde9931f7f066a7694,2c752e1b1ba9e1e6253811b9c98e33c0
b5b098817f4e058e2e82eba3a3bcabae,86bf4238ffe18ee894dfeb8410a830c2,a22a0db4ef2786abfc738a8252d0f877,,,,,,,
e29e2f82db0641f309dd9835a863cb56,3f6e184f1814773edab8e0beafd6ffb6,05d61899a09bbb157ebc7f8949c9387e,97ba5cc81edc416ae09b96a1c90c89b6,9090471a4f7bd946a063ca56358e1b77,,,,,
30436a7f46819321b1e1d8da1933c8ed,0d6ca585152ea8b04b3531c6be6ea9ac,34fd9fa395bf3ed80b10216d8405e6d8,,,,,,,
b699d225d97b839061821fe7379c69a6,ac17a9f70ddf3ccfd61c18b28f921b1b,1ef1b40a2f3b41e79ec820798a3861b4,581c35bcf8ea5ff183f67b390dc7c29f,664c279012bcf7caa94c4b9a53bf00ee,,,,,
23b0846f32ec53d9c2ace2e2ca5cd111,,,,,,,,,
cfbff3643e622e2dafd84239ecae7c47,5d3dd8bd937e2bf493eab75e4d8c9257,822db04557d59085ef5732e217b98074,d55e17533e2d127c05fd711d7ae057d4,69641af6f4bcde9047630aa6491e2e34,,,,,
50ed91d430d48b4c60514a46c00807a4,,,,,,,,,
a7737ffa9d747ae1c6947783b39bf6a7,ac3619fe65e451aba707afdc26398b85,a4651b6cda82faf3a3988a338dc2a2ee,13c37970835a0cd1943ce61ca03306cf,07a4eb578fb7f7f908cc7c3ca30ff198,35857d0ad6b290366123557b49544112,5cdf28f07530aca5f420cff64c9f3b85,,,
766540c777b12dd238ddf39ba6ce1df7,3ba702a093e18bacd4ee313721db389a,fadae2ea37612a1dc289c0e33368706d,,,,,,,
94751200c9c60f58c38025f45a4fdc7f,0f2bb460d212dbca365071a9a104b41d,4695ad3bdacaee8d3600bfd26c715470,0224252cbee77d0fad2013391c8b0cd1,,,,,,
6759d9dda03b6cf8086792d34b2501f8,29484fed66231a61451bf7ba92592162,ffd61d843d5908be509e295ce4d79b84,71b22e689cb25c61707390f67c53f34f,4cda25b2f8d1fbce63d81760e7b41a1b,29c6f0aea7e7633a72df591c326d6061,8b54e63064894dd3f56e7ff425578d64,,,
d67638f77f011d0765c737464aa5313a,dcde7dcc94c44a3cb4e698b18f819016,f609d3e7cb6be63391703936e9f50d48,48288c3a631f93092632fa89e4390665,56b97d33a1ba8507a0477149211bab1a,33982ee46bf6ed943eb425e1a15b5c75,50d3254aa3b50c32cc69fc6d987da541,e6ddd21ce73c49d36208cb661c674a50,17f3aaa2f24cafeb97ab416540923679,c79786dee87a7beba9d70c5c02e9aef6
cf10d014b885e5e581998cec208da9c8,c6d642d1a015ad4a9492e3845f27cabf,7b51f19e58c50f949d97e398feb959f7,72ac3012859ba33230f022c6efbf8c15,e20eaac4b79d4c674689e5b9ccbaa17f,dcd81d1e515b84ec458525c03fc99e60,b1df8b76dd8bb38c4202b089528b7e41,ec220a839011d862b2a57e6e22924b06,96d0df556b18a044670c844de947ba28,9176abddd876a569afe35bc34218e05f
a9730a00b11aafec2c9a7aaad105820e,6501be5b82ce9caaedddeb413e2afd8e,3adc2fc718af78533f7603d5a53f3522,d1cd96cb850903334969eadddb43d7f8,864aa34a04491df8e5c5db9ad71a9f2e,951a2249d3470e5410b525446d80efa9,,,,
0aa9b03cfbcb7d92b0489f5c4eb7e972,,,,,,,,,
77b5d2cc7ddb7d38490f05055cafe2e3,84dfad1b12d3b35bf0b3e7c11b9730a7,c2fc0f109cb22b16fcc78a9f37f5afc1,229bf9c9939f4a4acb62f92ff58ff995,e055a8bf8f2b748decb27cc2e6c49d68,7f8058476e2b693249b65442e768ef01,430e1bb48046a34e06fe872d8b1b073d,45c2c8a97fd88b7f5a6f16d6a00e3412,5e3adf27944b8e653753310554598c6d,0abe924efb6089bac4e9146b8436c16a
39fd45ed9bde7cdc743974ff685ae5ec,a431c8bac250e2e4f8bed592a39a5577,d5125ec64d7ae1866625d47ee76fd470,ce3a08f480c7bc1baad558d68e6e9901,fc9f331c0cdbaf2e16f31b651d23e28b,,,,,
e2d87b1133dd9e7209ea5beb27bcdea0,f104f91065d595b57f3b58a37bb5540a,716b9876a50553393e8758dd21c0aaa5,4b255f5f7fea414043f8877d3771f540,50db91bca58ba03439d21b7993f5e413,d18572d883335788ff3a5c965be66e89,,,,
dfae2684ed447730dd063c3143c31122,a1391e8ff4a68e9d17ae6fa0a1cbd26b,6dba407a7031216a8a933f7dbacede09,bf5d9d6df2aafb3fa7769b505aa53fb7,59c035e17cb12f2a5f70387e5e261b49,651515a1db87b73794ab2c5995976315,,,,
1be7da19b835abc16140100a83db42c4,5f2bd39301fd859a640958fcc28b044e,c488b322ca64e7cd8811deb89872b7e8,,,,,,,
25bbfd79842dbd25c52b67d45dfb33dc,9cac6f2eaadec0946f04b560040968a1,bc9f755853b7fb217ba9f99224173447,,,,,,,
5861fe2600f43f9085e5be3a57cf3b3a,4e643927cb2531cd0fd6c241ca0aa765,0adfdf09449d0dff57edfb5a86cc3542,c91ce16f3dc55b2b849329a0964dd3ea,3a5be5379eb45975803b90f7a138ca10,08daf13bfd1342e2d8bb39e1eee01430,28510bfc2b4de8632a57eea8b52eddbb,,,
5b29e9114934f533bc85d2bf055d4492,823d8d8da2b82720d09b730ee941352e,ff3acf0cbb0662026f4680cb3a674a54,ea6620d70f91833c86862a93058a9fbf,1d2d9082a86e8cf88ba8ff8ce954be81,3b9571b262a0af21ca7a9ee3d4112b1b,a7444817facf099d0945249e5e9b8220,445134fdca9fdbc8803630f7d5e05431,38498de9a0219845757921b969a8e83e,766e54ca94e1b75600f7c4b7e8abf74f
b666482e1c165ee4121cb5d55465d52d,c4736190deb9fd77a4d164f6fc122196,ea16eb0173cb6da3d57ba2ea1a3760df,,,,,,,
1a4ec12e3fab32629bb25e6d4221dc2b,34298e1ad550f4982a673543f68aab2f,5818512af48063ee6870a4430f0cf146,c40265b2738c13a536e63d7f71383c16,,,,,,
fe5176c26c16fd62fcfce5b49fd2081c,5d6334a2a60b2a12369e266633b83a95,b703ba4745bfa970be96b190753f5211,baec60d13af8fc268c1b85e2c772ba00,f919fa98a4291e80f294e4497dd07726,ddd7795960a171c629a2fd0ea31deaad,137112ab3c13bc6c58687d54fbb68844,a0c8640dcef550e3fc86f73cb11b3a5b,2ec511c625a3442bc26e0c526c4a26f1,
f1d2cc9281406eed05d93e380c9329b9,4b90f208eb873857d467f36ed7c72d94,08ef0961ac1de208cdcb0cf889658371,3f6c100e8ba89e2755dd1530141fedf4,a06c4b9f3f5f7f16f9360c7b1bd0e5a7,461e0b0a21dc6df0a5cb3101c2d2114a,b73fc0c7817c4a74bedb977b5fc1a060,270be8c791f9ca1dd4d37f55ea3bbf24,,
a7444817facf099d0945249e5e9b8220,64ecd0e646570a8ecf4d368f2aac53ef,,,,,,,,
c9574ba057bb75fa599f830c59dbaf24,bf88b839562020de244e611c7d9dd7c9,e0d05b5b2f181980fb36db5418de8c8e,a6e311ae8ba9391e48b8f89c412d40fd,35e8981e5fc8d3e76d22d07f4684f409,cab68632d3e65de8896c5a54422787ab,91e26adf3cc65639e2c6a1f57144ccd5,,,
e1ca7bc69573ed1a5a7919d43ed368ed,b522679a127593626f416c2421ae4509,4d6ac0ff8f3437197df19d0932e667fb,,,,,,,
5e89d9747fb6f0ec386fa0e9db8a0707,7afebb02e9b25c1ca3df1e99a0d3d8af,c1bab736affef4eb4f06ede25f9fae78,,,,,,,
6d378c1d7df74d165c6b2ff5e33baa3b,2d0a6589d84d3dbd817a0d577e314dc2,df379173083b3ab60580cb7dadde52c7,,,,,,,
22d48c0c6e434f6b688cc3114f2ef6d7,d7608bfac8f66d80e653b963ab3e9313,,,,,,,,
59adaeffafeea2fe03f04ea8d2abdc18,d12c75d60f46092fbdfab5de8da32f8e,dc7c074af48e048639d08fa64b2f9342,f2df34d26b6214dc92e4163276924387,fdf1460078adc2706f9603f05940da78,002841bc4615023d61bf0445faf3764d,9cc7bf9d13bbf200adaeec061c84e8c5,,,
f0860ac64dc38ac50458e010780395dc,,,,,,,,,
18c48de5faf3d2e9dd7b58fe4d98a401,8607376180c606113cf96988d5385825,4cc0cf3500da41b1660f976f7975a0c2,,,,,,,
9a7acc8af0604afcf622213ceea45952,,,,,,,,,
eaf7c6390fdf399bcb10adcd141c7e28,36c1d1b20ef6c3800d09ff68ef44e382,2600e4e60f5d78e28a8c08c49beee173,,,,,,,
9dde1427affad2b92f17a8e6229899f3,b08cb0e90a2beba6bd1e515094c149fd,9e4ec4fa7b90bb0f3472d277699b78b7,8eb192a945074f9de6a5437618780080,,,,,,
7fb73483e0ea3dea8c6270788c14f655,11dc7bd84c13c35891c23266db3218fc,,,,,,,,
2f40f956b2fa74b32099a2f7825fd622,7670a14352097b55b674c510bf18bdd2,038575944e311bcf2976d3c4d2a5803a,,,,,,,
fe8d1a1fd50e832b9cd4cc2e4d8e2309,3c98256289f4959e033d2beb7ac6605d,,,,,,,,
0ba27cbe6ed13d665c4e395411a383df,824881fcafe6093df869aba1672cdc14,f5c6c5a40b29497e0ac036fc8975b826,,,,,,,
22b89fa183aec0514f2185ce3b3d5312,9d8a58d9a93f4fc191fc9a523f8d4c8e,be83600afe69449b9474844cc404b6d1,d47bde89d88f92b4c8228db9523b2a0b,d9c26ad33ab9ba17fc5f408352402826,30e6a05df456604e1b8c9bd766ae3854,546e94250d16b585059b8eaa0291aac9,026d713cd258a48dc54744865aeea3eb,3c98256289f4959e033d2beb7ac6605d,
4593c62f5fcc7001c0630807e0eefc1b,9306e72da4367ff67d48610ebbf04af6,2272e574d14cf4ae5c5657c2b44a10a8,7f0f90be3184e8ac940f2a29f62ce786,,,,,,
c345fc408919c2e42802c013e5d109d2,,,,,,,,,
dcc918b2941e9785e6d9941df2e35dfe,,,,,,,,,
9ff6e73a652f2ca491190ec2c53f4ae3,,,,,,,,,
1ec79a5484cfa7d44e39beec2086133a,9bd5f3db37491db17e7c624e4329b7b7,6c59e74ee45d5d2fb51576c3f8970912,5ec473c79c6d320c835b375174fb9c31,ce3b114323c3158607c5aa32e34c12f6,,,,,
55b66cf0d1c448d73429819da489a573,,,,,,,,,
e15df2d37b92b98174f95d3031f6ffca,e15b07f287a76567dd27d961a3db72bb,9ce0e5f64e1ba331e770e43810130afb,e90f1fe054b6be7bfd2f11de837aeed0,,,,,,
6c04019836d4a42f8568560350523b30,3e1a8854e15296f75910b46090fdd842,a280334ebbdb9cd6d211ba11b6facace,,,,,,,
249dec9bd57fa6ceabeaf09d90e10e94,032f6309b104f93082f130360df8341a,8d0db2dc55fe76df2899330dd18064cb,782c5598afa6006af2799cb7cf14f1d8,,,,,,
bcc6c41e1949d7d9ab10f31dfff0ee3c,,,,,,,,,
e1c179f2a16dc8f248cf4ed93cdb702f,8f3e5cc4c6b569c7ffa66244e2d2f537,,,,,,,,
bc5a0379380dd8d39851ec99e76b2a14,f4f30b3eb5e271572da4b7bb022b5a71,bd7e761ea4916ecdab2bea07d6e336bc,5e1fa0d0cc3c968f2441bbc620d32d2f,,,,,,
379d7d77f12557159dbb78483006f694,5c4d8086e752d37f7d6f95ce065f9fc3,,,,,,,,
b42f169719ca0af3c706fd35a899969b,8223754f4c1e0686a8a9e5bb086c6a08,3012818c2782ed80a0d93ace76c8ec7e,,,,,,,
db4c4f87f1ac68a33990f0393c846e8f,a41c2a97490060f77e47f02b6df93594,46491ad0f4752458a2d3feb9bd8f7581,,,,,,,
42be0350bb53a6dd7a412f2027615e15,d3aea0a30ff8fdd025eedc411e495b21,d09f79dda899154c74161546da037e7b,32c430aa739be6c2aeb858c94b5d7fd4,,,,,,
f6377871e067055180fc405d3ce70677,6d658f5d9d310fceae82d102e3d21d80,,,,,,,,
c6d642d1a015ad4a9492e3845f27cabf,4ca434a1ba84f7c64bd4ad191cf1043c,c3ae7695388a342215f139aa619dcdbc,ba09858c6afba9937a75d6826e746be6,,,,,,
cc93219d8acd298b29b8e827a2efffbf,c76571bcaf85b1fd7d964aa2e2191800,ca893ab0be95e3828185d9343530ce74,,,,,,,
8ac6c73025a6fa2b9797970567ffcfe0,7877bf188fca8c4158e772f1ada1c27c,a65dcb725ca60b9ab205533a88e4395a,e16b7f36158adb751c8ec85f2a9b82f1,53fdebeef05c840d319a8e92fb95b753,,,,,
5a39ccaf8c719f11df25fb363568de1b,ab2edd9f93e1f16ce48e0eaaf6031553,,,,,,,,
4b255f5f7fea414043f8877d3771f540,d90e25a2258ec52650d8fce28d2c5908,,,,,,,,
18c48de5faf3d2e9dd7b58fe4d98a401,a1f4374edde3cb04bb9474cd7746c802,14870055dc30eec519bd15c51339e768,1466aa9ad6e3428c79d62760ae57127f,,,,,,
073dd20de805db3eff27b03a32e5a529,,,,,,,,,
539cbbccac400334054e38cd8ed416da,4b39adf545b19922f913dd826c5b28e9,,,,,,,,
6de336e5673f7c958bfe5b24a024e58d,4a78f4c4d2f5c0e175a1de23ab868db4,cc9dd7aa52b0075f8f5eecde0f989bd2,,,,,,,
b7972156e152f0fc860f30afce7140a2,142df888486e7c87342420aeda4fba60,febc743c1580fe921b1746ae78eb2350,,,,,,,
f25d1b45cbe58b73b4008b8f0a477ff4,38113431307296aaa7e97bfde020e154,be37b7437f2b3b1552ab183f1b9ae16d,,,,,,,
38d09078733927467fce39988324945e,125ed93a4353d27dfbac537763a4ee8f,,,,,,,,
08bf7a6b8c8ec7506878a44b0824f9e1,,,,,,,,,
15d43032d60dc06fc21feb77f5605e42,d0aed71c75d9a16089efc33aa07271e0,65c9ba89e7054e2ac575ff1fbcc349a1,,,,,,,
d781a2360a75560323299a79c5684dd8,f8cb33455e1a8fb1560a07fd1ba3c6f7,,,,,,,,
3f6e184f1814773edab8e0beafd6ffb6,1c976b51507bdcc4f77f8d1e11770384,,,,,,,,
0ea97562cba17cdd1f2abbb55b007245,4c638167291646eb1c4f4f541f2eb283,,,,,,,,
34bc1e827dc9ea92e8097fcb610ec537,158637c0c8d5d352d713cc655d6ab43c,,,,,,,,
baa4b4e271ee7f5b59e7fff66366c402,b7851de90bf83888e76ae9f1d4e4b3c3,d30bfff25a2854ae29e5fb93d6aedaf4,ec12906af4e34546b53a8afba82b0b9f,,,,,,
bf9e9f9898f9825556fc16f2e28e19c0,52984f4167005b997a87288157aefd22,3ba63b76a50bef1f74769e317036b8d6,c7021f66c0a3773349128b3274f2aa28,e318e79bbd3865991fb8820de5fa991a,,,,,
f5a2591bef61a0c942f9455261695197,e1f0150edb1eba779098fafd98dd7d2e,,,,,,,,
c397d6f1a918f227c137921a974e84a2,b6b2c6fc4965b299535685ed62dd10be,,,,,,,,
cd302e429196e2f4a67beb66916c368c,a90ac30ef47cabd0ffefc2a831b9805b,7e1dc18a1c42c4a6e183a910636fe1c8,,,,,,,
56a6bfab11f65fae041e147035332b6d,70b65d04bc62c23575a3d2d89ceec6f0,82e454f774ac56aa5bef131c84929887,,,,,,,
44b744d7253f4b22f64273437ae53726,313859fdb76416c95b62e6217bbccb5d,,,,,,,,
b4154bcfa234f3fd4482bcf68953646f,926842fd045fd8584ebbf65b538c6d88,,,,,,,,
4998deed87049852a0efe088e01b8d6f,,,,,,,,,
629146b6cb2bb0c72a470322ce451dbd,0895bd52c44eb81349670159bf8187a6,,,,,,,,
5c549fba27d0e4d145b316b44d4f173e,0f349db7e4281b244f8c8205ae728fbd,c1d9498f603aea84073715b2fb15c03d,,,,,,,
7f9240df477fca30d4a69cfd56b9cfb1,,,,,,,,,
20316efe90be02029d653ddec92023ff,,,,,,,,,
d1b4e262082c4bd4ca9a6ce61886dd22,,,,,,,,,
cc6224ffcfc5641e38dcde4d390aef12,8bc859e07036546e9c1271257dc7ad29,8dedb59a450e95cc0ac9cdc7d657bb33,8dedb59a450e95cc0ac9cdc7d657bb33,,,,,,
dc3fcc060fb78ea9d9182919393ae0b9,9f385879274408c737e664a23d652d87,f391eceb317624bd91b27bde33e3ff50,,,,,,,
44b744d7253f4b22f64273437ae53726,5cbf80e658cf054340d8bff782a64510,,,,,,,,
0a0bf0e728ca212346c0de2c552e8f8c,,,,,,,,,
89a6532d784621b98672960f4179919c,6ec533aa2dce0eac1d40610522099e0f,,,,,,,,
d695fed58de914d23ff0827290c01b13,,,,,,,,,
b684dbffeaaed31b3bec7671cec79748,,,,,,,,,
435cc09e185b1392593a22252d2a2c17,,,,,,,,,
bd821791e74dd3a53ee9396c0d54f219,,,,,,,,,
e53b22b92c0153b8bc58f1c4cbf3a5a7,,,,,,,,,
a9592d200adc1fc3190f2f52a6844131,,,,,,,,,
dcde7dcc94c44a3cb4e698b18f819016,,,,,,,,,
0791b9a7a73151dd84dd15bccb8650e6,9ef6c5aa2b8c5ecd5b1e87839e3d7108,7267e8c88317c3d7024e7a61eeaadb06,625497892aa20bf2fdd5e6d629507b6d,,,,,,
277e6ecacd7bc407c99bad34a650a931,96ac1219567321496ec0c0f60ed071fa,,,,,,,,
f774989cd225f79de3640f467c660413,,,,,,,,,
56e2f2b517eb52304c76aa1ad3751f23,2cf485c42a879980b20f29650ffb5a42,,,,,,,,
3e075badef2e5c69301b3a30bb8d3932,,,,,,,,,
ff9419799a92b15ca39e055b99c0f7f6,,,,,,,,,
2627b6af13beaf0ffc0c2c402289cf78,,,,,,,,,
